Feature,Importance
year,0.4081041057315417
transmission,0.30706651127291035
mileage(kilometers),0.12746744270206894
volume(cm3),0.049000533851760335
drive_unit,0.040797514597766295
fuel_type,0.03769022845810127
make_segment,0.014733938761840332
color,0.013562435061572165
condition,0.0015772895624384799
